asset,variant_a_title_active,variant_b_title_saved,variant_a_description_active,variant_b_description_saved
btc,"Learn & Practice Bitcoin Trading Free — $10K Simulator | Simulated BTC Data 2026","BTC 2026 Simulated Analysis — Free $10K Trading Simulator | TradeHQ","Learn & practice Bitcoin trading risk-free with $10K virtual cash. Simulated BTC charts, AI strategy builder, no signup.","Start trading BTC now — $10K free virtual cash, simulated Bitcoin charts, AI mentor. No signup. Master crypto in 2026."
eth,"Learn & Practice Ethereum Trading Free — $10K Simulator | Simulated ETH Data 2026","ETH 2026 Simulated Analysis — Free $10K Trading Simulator | TradeHQ","Learn & practice Ethereum trading risk-free with $10K virtual cash. Simulated ETH charts, DeFi strategy builder. No signup.","Start trading ETH now — $10K free virtual cash, simulated Ethereum charts. No signup. Learn DeFi strategies free."
nvda,"Learn & Practice NVDA Trading Free — $10K Simulator | Simulated Data 2026","NVDA 2026 Simulated Analysis — Free $10K Trading Simulator | TradeHQ","Learn & practice NVIDIA stock trading risk-free with $10K virtual cash. Simulated charts, AI strategy builder. No signup.","Start trading NVDA now — $10K free demo, simulated NVIDIA charts. No signup. Master AI stocks risk-free."
aapl,"Learn & Practice Apple Stock Trading Free — $10K Simulator | 2026","AAPL 2026 Simulated Analysis — Free $10K Trading Simulator | TradeHQ","Learn & practice Apple stock trading risk-free with $10K virtual cash. Earnings strategy builder, simulated charts. No signup.","Start trading AAPL now — $10K free demo, simulated Apple charts. No signup. Practice earnings plays free."
sol,"Learn & Practice Solana Trading Free — $10K Simulator | Simulated SOL Data 2026","SOL 2026 Simulated Analysis — Free $10K Trading Simulator | TradeHQ","Learn & practice Solana trading risk-free with $10K virtual cash. Simulated SOL charts, strategy builder. No signup.","Start trading SOL now — $10K free demo, simulated Solana charts. No signup. Master fast crypto trading."
msft,"Learn & Practice MSFT Trading Free — $10K Simulator | Simulated Data 2026","MSFT 2026 Simulated Analysis — Free $10K Trading Simulator | TradeHQ","Learn & practice Microsoft stock trading risk-free with $10K demo. Simulated charts, strategy builder. Start free today.","Start trading MSFT now — $10K free demo, simulated charts. No signup. Practice cloud stock analysis."
googl,"Learn & Practice GOOGL Trading Free — $10K Simulator | Simulated Data 2026","GOOGL 2026 Simulated Analysis — Free $10K Trading Simulator | TradeHQ","Learn & practice Google stock trading risk-free with $10K demo cash. Simulated GOOGL charts, strategy builder. No signup.","Start trading GOOGL now — $10K free demo, simulated charts. No signup. Practice AI stock analysis."
amzn,"Learn & Practice AMZN Trading Free — $10K Simulator | Simulated Data 2026","AMZN 2026 Simulated Analysis — Free $10K Trading Simulator | TradeHQ","Learn & practice Amazon stock trading risk-free with $10K demo cash. Simulated charts, strategy builder. No signup.","Start trading AMZN now — $10K free demo, simulated charts. No signup. Practice e-commerce stock plays."
tsla,"Learn & Practice Tesla Trading Free — $10K Simulator | Simulated TSLA Data 2026","TSLA 2026 Simulated Analysis — Free $10K Trading Simulator | TradeHQ","Learn & practice Tesla stock trading risk-free with $10K virtual cash. Simulated TSLA charts, strategy builder. No signup.","Start trading TSLA now — $10K free demo, simulated Tesla charts. No signup. Master volatility trading."
meta,"Learn & Practice META Trading Free — $10K Simulator | Simulated Data 2026","META 2026 Simulated Analysis — Free $10K Trading Simulator | TradeHQ","Learn & practice META stock trading risk-free with $10K demo cash. Simulated charts, strategy builder. Start free.","Start trading META now — $10K free demo, simulated charts. No signup. Practice social media stocks."
xrp,"Learn & Practice XRP Trading Free — $10K Simulator | Simulated Data 2026","XRP 2026 Simulated Analysis — Free $10K Trading Simulator | TradeHQ","Learn & practice XRP trading risk-free with $10K virtual cash. Simulated charts, strategy builder. No signup needed.","Start trading XRP now — $10K free demo, simulated charts. No signup. Practice crypto regulation plays."
bnb,"Learn & Practice BNB Trading Free — $10K Simulator | Simulated Data 2026","BNB 2026 Simulated Analysis — Free $10K Trading Simulator | TradeHQ","Learn & practice BNB trading risk-free with $10K demo cash. Simulated charts, strategy builder. Start free today.","Start trading BNB now — $10K free demo, simulated charts. No signup. Master exchange token trading."
spy,"Learn & Practice SPY ETF Trading Free — $10K Simulator | Simulated Data 2026","SPY 2026 Simulated Analysis — Free $10K Trading Simulator | TradeHQ","Learn & practice S&P 500 ETF trading risk-free with $10K demo. Simulated charts, strategy builder. No signup.","Start trading SPY now — $10K free demo, simulated S&P 500 charts. No signup. Practice index trading."
qqq,"Learn & Practice QQQ ETF Trading Free — $10K Simulator | Simulated Data 2026","QQQ 2026 Simulated Analysis — Free $10K Trading Simulator | TradeHQ","Learn & practice Nasdaq-100 ETF trading risk-free with $10K demo. Simulated charts, strategy builder. Start free.","Start trading QQQ now — $10K free demo, simulated Nasdaq charts. No signup. Practice tech ETF trading."
gold,"Learn & Practice Gold Trading Free — $10K Simulator | Simulated XAU Data 2026","Gold 2026 Simulated Analysis — Free $10K Trading Simulator | TradeHQ","Learn & practice gold trading risk-free with $10K virtual cash. Simulated XAU charts, strategy builder. No signup.","Start trading gold now — $10K free demo, simulated XAU charts. No signup. Practice safe-haven strategies."
oil,"Learn & Practice Oil Trading Free — $10K Simulator | Simulated WTI Data 2026","Oil 2026 Simulated Analysis — Free $10K Trading Simulator | TradeHQ","Learn & practice crude oil trading risk-free with $10K demo cash. Simulated WTI charts, strategy builder. No signup.","Start trading oil now — $10K free demo, simulated WTI charts. No signup. Practice energy trading."
gbpusd,"Learn & Practice GBP/USD Forex Free — $10K Simulator | Simulated Data 2026","GBP/USD 2026 Simulated Analysis — Free Forex Simulator | TradeHQ","Learn & practice GBP/USD forex trading risk-free with $10K demo. Simulated charts, strategy builder. No signup.","Start forex trading now — $10K free demo, simulated GBP/USD charts. No signup. Practice currency pairs."
